"","X1","X2"
"1",-0.123738110244727,0.615781700226152
"2",0.066732113401373,0.798297351426153
"3",0.00969615776898417,0.829299123566908
"4",0.268664192825397,0.411848831266152
"5",0.0367456004692468,0.85795191575707
"6",0.118669099430656,0.763662407588522
"7",-0.174178294591834,0.619064842360177
"8",0.188918723891837,0.626633770470857
"9",-0.259620862303454,0.630731177154725
"10",-0.136367261906049,0.720105518237567
"11",0.0396769411313569,0.751046335137359
"12",0.0246028839419286,0.788805269825481
"13",-0.086251999506353,0.794899640747886
"14",0.218428718295825,0.593478196274902
"15",0.0288886156437787,0.761806910489767
"16",-0.0281705970101005,0.871180001986227
"17",-0.116975855457219,0.810212440027375
"18",0.135227824697451,0.675212653772225
"19",-0.25389948399838,0.4200122583097
"20",0.646412937042678,-0.763800896670823
"21",-0.106721546195826,0.828704306493703
"22",0.209932403202632,0.572371013311069
"23",0.0571372803934961,0.800882855895146
"24",0.223442512007775,0.575004748955671
"25",-0.250606088635976,0.567714874905631
"26",-0.126905071095722,0.717218882384159
"27",-0.186212051955861,0.606389462919984
"28",0.0503938781181458,0.842450535049902
"29",-0.288798895548887,0.253754610892972
"30",0.0467029451025561,0.823474531041249
"31",-0.0203624617083558,0.800298769267696
"32",0.466108410453527,-0.435815160586446
"33",-0.077145506728206,0.914644513470409
"34",-0.0453312629648004,0.875596253523222
"35",-0.161262749550902,0.645615704345115
"36",-0.066197380563964,0.753136997347863
"37",0.0410630262433443,0.792628166400092
"38",0.15095302773627,0.820861719630878
"39",0.318316450240353,0.317161208567821
"40",0.296414034222787,0.487455151520966
"41",-0.00961902900046203,0.777579270567773
"42",0.40091740327095,-0.0152486960652402
"43",-0.505427312530399,-0.288169201999973
"44",0.185707810679559,0.696145407398795
"45",-0.179950916535732,0.685837144808166
"46",0.367888149070861,-0.00384458571659256
"47",-0.0900479061415486,0.750032320793611
"48",0.380058691271247,0.244064802366668
"49",0.0112013987050242,0.858300692013172
"50",-0.565831226542484,-0.221934728597357
"51",-0.115387461780416,0.802050178705481
"52",-0.461880907740913,-0.312943696225174
"53",0.0882081464782827,0.857349378374457
"54",0.494502697238467,-0.42355516053098
"55",-0.633363427074631,-0.576603569160751
"56",0.282247288889336,0.522338747320264
"57",-0.370142407781599,-0.00840530517980219
"58",0.508261549343726,-0.310682916809725
"59",0.390137542032432,-0.0312148096988404
"60",-0.221310938333266,0.5313134360323
"61",-0.0671585557776068,0.841433299817406
"62",-0.102818177481229,0.712181241994383
"63",-0.106858814374909,0.733487384326834
"64",0.728267397292693,-0.75438759256737
"65",0.0619322968936057,0.804784206756369
"66",-0.222259781036647,0.664089407341515
"67",0.209598388656506,0.697902040999139
"68",0.0298055469114305,0.798121073493395
"69",0.0193188568451189,0.79403433982901
"70",-0.0340442500795104,0.92948356602177
"71",0.139383499283531,0.753231859525547
"72",-0.215896942491435,0.296990556578278
"73",-0.323472461016268,0.315010828323704
"74",0.436139972011575,-0.1489080346259
"75",-0.554362896444166,-0.582087090044989
"76",0.0325582081541445,0.701860271811757
"77",-0.236054747333653,0.360465812025025
"78",0.117223226490441,0.717451223114058
"79",0.260088998282986,0.483398184837803
"80",-0.570376113274275,-0.467055856679349
"81",0.262353462842402,0.531370091486801
"82",-0.014531824663907,0.846248933814586
"83",-0.417032822307726,0.150144393008825
"84",-0.604602132630696,-0.467104875482319
"85",0.216037205777886,0.638492659239188
"86",-0.0325204919975607,0.816086218717145
"87",0.0842709597022124,0.997588526432457
"88",0.185562698952713,0.479803239741698
"89",0.481795651691988,-0.169875477861204
"90",-0.065704591201061,0.846666321181832
"91",-0.155700457220674,0.730955052190667
"92",0.397693982150316,0.183836213236643
"93",-0.296157348027939,0.364299175008035
"94",-0.304488817665811,0.406766247043028
"95",-0.19405620184495,0.710002956807623
"96",0.697365142392518,-0.684687622987774
"97",-0.226324303653334,0.463035649983899
"98",0.134571818310727,0.7844907193845
"99",-0.32378687806734,0.181419494364296
"100",-0.367154409430738,0.308251396556738
"101",-0.0718388896182571,0.850493857880769
"102",0.405166516391885,0.145658050487614
"103",-0.150274527511043,0.668780570005074
"104",0.183295513398252,0.567030122954005
"105",-0.397175912526875,0.0950930386862899
"106",-0.0428433990083563,0.804983004367199
"107",-0.207340415383298,0.566777176095204
"108",-0.1304228012297,0.671361737892293
"109",0.277426188795661,0.173508827327459
"110",-0.0944341448232792,0.902504539829776
"111",0.0787751098552758,0.933359524847538
"112",0.0796148363840071,0.824782646041272
"113",-0.204798761280898,0.766154626308924
"114",-0.365050249766636,0.054658672288105
"115",-0.0530585693074717,0.687223092087338
"116",0.0619301383070498,0.821310730687011
"117",0.298729003871176,0.461932571185038
"118",-0.0939765604816912,0.785151934285723
"119",-0.112779934030894,0.822789083622124
"120",0.40935958699178,-0.0594182086120871
"121",-0.175094497539222,0.577627252092889
"122",0.159397845378473,0.822182754892555
"123",-0.134592344908285,0.657621179085441
"124",0.0798426319861622,0.855991086564394
"125",-0.446236565161204,-0.130671268533197
"126",-0.158352021200782,0.564042920697799
"127",-0.110412217950497,0.864834782746199
"128",0.289907535313628,0.526665631683754
"129",-0.122391728356442,0.812904456885463
"130",0.0571814315810004,0.820845417831596
"131",-0.145594846156285,0.730256869197972
"132",-0.249515876042604,0.565764905175913
"133",0.197516345076241,0.710672029470288
"134",-0.183275494202799,0.802747658117792
"135",0.350790427306917,0.140508766963903
"136",0.0986857659482504,0.776397023440729
"137",-0.0853935629904689,0.833719951931715
"138",0.124041976302208,0.823378810824671
"139",-0.00684575183727941,0.90057879933103
"140",0.119427538740733,0.711505506363425
"141",-0.148119535437405,0.835158104352669
"142",-0.605471700244225,-0.569634501372678
"143",0.0438125382659525,0.818725040911355
"144",0.152659446745967,0.769307994190654
"145",-0.281356417842445,0.297674010712772
"146",-0.297833231859084,0.325657347926906
"147",-0.118178201290161,0.666411228997113
"148",-0.156882518903936,0.770028483605142
"149",0.0984294731038968,0.783712238964115
"150",0.0307376251401438,0.848540064892345
"151",0.276840600576465,0.364506733666027
"152",0.457422993662956,-0.264133411415555
"153",-0.033984879097783,0.817832018742802
"154",0.0084577873076355,0.882972649627943
"155",0.0679013537575547,0.752075257520048
"156",-0.0558192592512776,0.747154306024097
"157",0.0450338314982814,0.923501400541678
"158",-0.0386308976289522,0.819742254032474
"159",0.0724301783301666,0.754000031468066
"160",0.0452388343430272,0.862966950354724
"161",-0.0415829110359709,0.849478179984802
"162",-0.00614122701353243,0.910319668682376
"163",-0.0583970182327216,0.934418200671803
"164",0.241265229706284,0.544714034845075
"165",-0.00309813273022354,0.826775873904324
"166",-0.203911054259506,0.620304311705363
"167",-0.0514223123072631,0.767247662831071
"168",-0.173388538976952,0.705636503912562
"169",0.0972587315932994,0.81034757079793
"170",0.231951474816048,0.541326245873443
"171",0.146540976984636,0.685813878853521
"172",0.0779415366624573,0.809851636735677
"173",-0.0122274611209991,0.925344810989047
"174",0.0589391398749788,0.732524694590019
"175",-0.0114488301449231,0.866000749057765
"176",-0.558603965298268,-0.42854337296472
"177",0.0882218852001969,0.728661417512627
"178",-0.0519074323899778,0.761486970120933
"179",0.369305466613852,0.208956325531158
"180",0.595749294214528,-0.490669586744475
"181",-0.337500940864013,0.353407853557443
"182",0.139431285461404,0.664228729748592
"183",0.0559546912691272,0.79586951461698
"184",-0.124166500610588,0.669604891289471
"185",0.213302331403294,0.596835033900291
"186",0.198155428367133,0.653483450975655
"187",0.00316530397552784,0.836138457484057
"188",-0.0927983025874357,0.741538904090543
"189",-0.320930178225097,0.473975613229765
"190",-0.196359319542782,0.793273583520638
"191",-0.0642510886059318,0.85492227428987
"192",-0.0785360948522247,0.844696312800733
"193",0.29524648039163,0.565312836687545
"194",-0.0858476892398859,0.907922726061664
"195",0.529381126853823,-0.51928216127361
"196",-0.120630208320057,0.841947965496297
"197",0.428767231280753,-0.0687444667342086
"198",-0.00696434617149461,0.795252034058879
"199",-0.256667281595384,0.377814605497881
"200",0.146459205599761,0.781451411794647
"201",0.024824629999968,0.819439816631844
"202",-0.0874241257734517,0.750291229786076
"203",0.218252209062571,0.489328491636424
"204",0.147021034155688,0.795054359460017
"205",0.233418682626097,0.448639521795325
"206",-0.280359605410746,0.219322330824546
"207",-0.149166617276986,0.637792798827872
"208",-0.266741437581133,0.40489914734038
"209",-0.856638528085856,-0.904311107496883
"210",0.106535388631202,0.859760895558963
"211",0.293967684785764,0.134596993452426
"212",0.222602415021417,0.576927261994363
"213",-0.389573309417186,0.187788941337266
"214",-0.243130614764636,0.667746381825722
"215",-0.48292548865359,-0.349950072677454
"216",0.334689331178256,0.313088289711272
"217",-0.123803617798633,0.744430757555799
"218",-0.306832367540274,0.577735658059904
"219",0.303329229941625,0.540512084138924
"220",-0.0652503955112578,0.770808001599286
"221",-0.414238513163024,0.00332166350028604
"222",0.00730085367809548,0.8966664241193
"223",0.0485156818464677,0.941502401714256
"224",-0.0102939932264517,0.861760808153547
"225",0.106519530464716,0.718563030479394
"226",-0.154145320065588,0.564024076529105
"227",0.206600012084661,0.682793849901268
"228",-0.304234035464695,0.237474308413629
"229",0.33327914662994,0.0389781666004356
"230",-0.172828660198149,0.628288134158542
"231",0.112423343773385,0.845159317610101
"232",0.190415477992239,0.830099342825504
"233",-0.110594329371947,0.808589408189353
"234",-0.464813434699047,-0.0726140266880222
"235",-0.0603330654659336,0.771170492361804
"236",-0.137451356576164,0.630604649670268
"237",-0.103748889416277,0.839554885161112
"238",0.250356958198858,0.533177999905218
"239",0.198371822968238,0.575919790548701
"240",0.0743240922047152,0.836545837826572
"241",-0.213597709168044,0.458531550477163
"242",0.74788451112518,-0.891904682665349
"243",-0.489205820631948,-0.0771169258637904
"244",-0.465484364452964,-0.120179585241698
"245",0.12949851920673,0.830044006995196
"246",0.715451052222705,-0.704321797233069
"247",-0.0946508474804935,0.719274960057585
"248",-0.366594667876164,0.217895743327142
"249",-0.161763457657683,0.880094499527764
"250",0.75229588554955,-0.801169015195532
"251",-0.210890455946317,0.597490302412008
"252",-0.138334637663483,0.655683647330852
"253",-0.0619921351750497,0.822400445202622
"254",0.250436788652713,0.734014745530286
"255",0.219269215948014,0.706458921274955
"256",-0.0824527080135853,0.751029113162884
"257",-0.599387457151062,-0.390849484175105
"258",0.469148787978621,-0.414375435336035
"259",-0.351475632542858,0.384834056593079
"260",-0.124948328623362,0.613692343369092
"261",0.0617797765193688,0.817272017965588
"262",0.0895596120040252,0.65952647940661
"263",-0.368141025189077,0.295744696485307
"264",0.115168724463548,0.804909165975132
"265",0.28408991716541,0.625282006406268
"266",0.112393908420963,0.78834452226316
"267",0.2351906416037,0.642041951475392
"268",-0.197984638663527,0.459993785138336
"269",-0.0183180406699903,0.815498308381044
"270",0.279132427316113,0.375761547997928
"271",0.135238226630482,0.654666050104921
"272",0.122140444057169,0.733554700675832
"273",0.267708306315218,0.284886302129909
"274",-0.102618697564036,0.781529285339143
"275",0.164516076291366,0.58196431264377
"276",-0.228986236777717,0.528945095254064
"277",-0.0580816051843309,0.757376029228747
"278",0.00259508149512789,0.870439839505291
"279",0.198005332657495,0.636991658012911
"280",-0.704414388176927,-0.736674917085033
"281",0.29948092057092,0.238834462384298
"282",0.0660329985286325,0.759375885802437
"283",0.360921419196053,0.029365711888309
"284",0.270651067110074,0.179350626535608
"285",0.179548587003783,0.707057603046474
"286",0.0603936208662576,0.818896710553284
"287",0.219268083307525,0.672014637881883
"288",0.0276531835404777,0.915428737491588
"289",0.126176430115244,0.716727152500955
"290",0.120805827333503,0.775747736223882
"291",0.282930996791236,0.577131697989569
"292",-0.178935276311226,0.59208725759574
"293",-0.098242915354067,0.642778650846596
"294",0.125321846620441,0.789496087676679
"295",-0.339151212266932,0.38995929732869
"296",-0.132015865940733,0.843382683523718
"297",0.106250696063152,0.805453593556864
"298",0.472939180253923,-0.230454466809461
"299",0.253231501800395,0.436335751406331
"300",-0.388020359888178,0.0738512855538493
"301",-0.5315255322539,-0.339008303951807
"302",-0.298660273784209,0.377417661059026
"303",-0.304100480610127,0.375371787053374
"304",-0.212949529313736,0.617019896864485
"305",0.0939423109436071,0.859832883739061
"306",0.254086816731616,0.457943753656627
"307",0.0401171814626506,0.808769566597022
"308",0.133891618147609,0.636234152666458
"309",-0.542618022472052,-0.26706238678713
"310",0.198963897206583,0.591380778453988
"311",0.240082114890934,0.623676608584888
"312",-0.225004939922727,0.740929470336555
"313",-0.0887883965756158,0.725917505699807
"314",-0.0495969076976958,0.737181975487152
"315",-0.0938043318093933,0.732669982727772
"316",0.114858596796461,0.817447175402507
"317",-0.166377422421172,0.762589013575854
"318",-0.105358302670851,0.780789300618211
"319",-0.223169597467397,0.528058060260736
"320",0.18136869971311,0.527351408062639
"321",-0.348771688606281,0.305713931502854
"322",0.273918235804264,0.644896825034092
"323",0.0531242509640579,0.915286567308564
"324",-0.00508144876832582,0.823897893141765
"325",0.0731358537518594,0.901669097188793
"326",0.686440631525026,-0.91946875142924
"327",0.129727806852302,0.726795818523862
"328",0.369900189579428,0.125957381320976
"329",0.242668006411423,0.653217084280472
"330",0.00349039438185575,0.895516285067248
"331",-0.390417538050626,0.101368333453042
"332",0.343546547106615,0.271299003662435
"333",0.0921722998209537,0.86168841788822
"334",0.087270132677729,0.806964567328044
"335",0.105740899151265,0.766836633925944
"336",-0.0409000085216085,0.887628996061266
"337",-0.094472680646723,0.849168166063347
"338",-0.187953776506515,0.5969506095208
"339",-0.688779022336226,-0.83532589757157
"340",-0.445141424226649,-0.158196694608439
"341",0.505072500231702,-0.325298831873308
"342",-0.673920591913529,-0.566208352253557
"343",0.101752549577686,0.745014368728064
"344",0.139905539805213,0.746893777220724
"345",-0.252282327199683,0.431537928757368
"346",0.297039851213181,0.361188594942833
"347",-0.16974406364696,0.649661073609891
"348",-0.00896888957877757,0.890912188307028
"349",0.39308474340342,0.0460741759329728
"350",-0.103096484110464,0.912664117866043
"351",-0.0691768981649203,0.903580543172566
"352",0.343595927383841,0.225948720955962
"353",-0.0278390330838082,0.723175127671396
"354",-0.14511248417298,0.786507509792973
"355",0.272358079926399,0.338492993335903
"356",-0.145860467081078,0.788728487926951
"357",0.444984519863324,0.0875588563240614
"358",-0.100328574871189,0.869560347342356
"359",0.218523594492589,0.535728894663507
"360",-0.797115581662297,-0.71754417319698
"361",-0.425786150619555,0.131491940397386
"362",0.926151891903969,-0.733915175136962
"363",0.233747648820668,0.47539716845691
"364",0.362337222740421,0.256274640689945
"365",0.0853784352241452,0.962927867675356
"366",0.00233276779720093,0.917493212432282
"367",-0.739090885285848,-0.848987669091065
"368",0.0218341212496858,0.867342591725692
"369",-0.125720032575449,0.815218934546196
"370",0.43719290963326,0.036777806267315
"371",-0.137092306098566,0.832124275605922
"372",0.366198015173142,0.0737956773741691
"373",0.201122826025623,0.463815129621435
"374",0.218724576534442,0.625386980249012
"375",-0.231292713004799,0.6775354849061
"376",-0.560614046300828,-0.351780947937129
"377",0.0938100940664737,0.732611682583677
"378",0.13519839044701,0.768568572318883
"379",-0.462824033030999,-0.0107594670880299
"380",0.03116393784779,0.819774884876105
"381",-0.0832096977430872,0.741553676587818
"382",0.0458560007931797,0.898902403474713
"383",-0.158957867704537,0.59624808823739
"384",-0.0833892551836526,0.694999331344977
"385",-0.325541850946759,0.365303670493637
"386",0.279353046494632,0.441939443950259
"387",-0.168749784386129,0.794120689361031
"388",-0.190581367780057,0.517491185537823
"389",0.204371271174772,0.503331676873838
"390",-0.00909245219476621,0.821901954240244
"391",-0.139108399628777,0.674795471623685
"392",0.381986938576047,-0.0431298906594141
"393",0.206210484625717,0.354312066712979
"394",-0.312391960121951,0.237442555670742
"395",-0.180528639143659,0.699196031921715
"396",0.265194810511166,0.405353657718656
"397",-0.430601732744417,-0.200088747547196
"398",-0.298319846797271,0.251888318222323
"399",-0.362498259415298,0.31177266191515
"400",-0.302115385751988,0.127458836192175
"401",-0.387249799257225,0.208611230522912
"402",-0.0106278698966639,0.817833704807546
"403",0.398243538684356,0.0158227015629441
"404",-0.31323274401656,0.471162436224794
"405",-0.335247882283509,0.408092441898362
"406",0.266256552874863,0.526800396838176
"407",-0.507780079612384,-0.456575830624994
"408",-0.283649433728135,0.401752470972142
"409",0.229852678714079,0.545313322330506
"410",0.225265566101472,0.704246390978503
"411",0.315172116139551,0.311495087731406
"412",0.0702558376623121,0.695243198623038
"413",0.430734254483449,-0.0907851848491205
"414",-0.107154452965536,0.921413344946983
"415",-0.0558582279381955,0.791341931511744
"416",-0.11663706090446,0.81098135481576
"417",0.0541848677588985,0.753395939071521
"418",-0.538412378402746,-0.536917883648887
"419",-0.0402095622950861,0.755269808113744
"420",-0.26114846425141,0.398528394786054
"421",0.0918059191679824,0.891015647126256
"422",0.241717913140604,0.66788932151386
"423",-0.154558211264672,0.895058992158733
"424",0.167701846975141,0.774676544854014
"425",0.0367419899475648,0.727704075075007
"426",0.318281080422172,0.308662964206619
"427",-0.169207836941772,0.612750739796504
"428",-0.460647642173188,-0.329575294893588
"429",0.219758480506699,0.716293212183222
"430",-0.0950376465019488,0.772618215429565
"431",0.136771783170294,0.731330952949624
"432",0.0571724951066179,0.806391792991457
"433",0.293757281270026,0.532641726071236
"434",-0.205002894174897,0.70298598470719
"435",0.0539523814470926,0.81837305472451
"436",0.18329978363373,0.680429947847009
"437",-0.165677499185151,0.617660102892329
"438",0.191091309740882,0.577719357253189
"439",0.264954229480532,0.34335663713205
"440",-0.692739348160825,-0.628445042836243
"441",-0.179416426886254,0.659199532861791
"442",0.0828791127951052,0.874843175942771
"443",0.473908670492348,-0.226470406564998
"444",-0.293349804618234,0.221272670410552
"445",0.308717458697315,0.31908618640197
"446",0.348256162868073,0.201134052481854
"447",-0.218895737262691,0.419997329684996
"448",-0.0894167804598519,0.849642016119844
"449",-0.0546714641180155,0.854101787512621
"450",0.0933575131581454,0.80660789420478
"451",-0.561729298024489,-0.404489041103999
"452",-0.953769319295974,-0.669815935890589
"453",0.214228475544486,0.386732284899641
"454",0.0299123267105469,0.757396675847123
"455",-0.0708511704728522,0.833394730551788
"456",0.0572905725770121,0.755423058052328
"457",0.0919675082990806,0.882210960633649
"458",0.225420157724702,0.545197980130945
"459",-0.667123959404528,-0.561251488677062
"460",-0.507767792082243,-0.242094571592031
"461",0.469940305208572,-0.220537031695373
"462",-0.463185881986954,-0.242028782799211
"463",-0.451089115734595,-0.343195274706877
"464",0.00207777244902832,0.788060477023088
"465",0.0318469371930568,0.855566964904474
"466",-0.336846985514024,0.0396607951877023
"467",-0.096769655484828,0.923124460478459
"468",0.132365163105699,0.72902005974975
"469",-0.145154365965474,0.579913839960708
"470",-0.0276983451933507,0.868382848252746
"471",0.381431176454531,0.119134527373685
"472",-0.25140799076179,0.611124120976996
"473",0.083839072385193,0.707092337918701
"474",-0.513003898437855,-0.121449512838824
"475",-0.11081644012175,0.714997074324916
"476",0.597570466648381,-0.485773866996943
"477",0.147090962858123,0.752005285954733
"478",0.261294777796141,0.442245992434655
"479",0.407266849633925,0.143029943568421
"480",-0.0121747164730287,0.798483976820694
"481",-0.0273130185999101,0.835270710180355
"482",0.315452419812198,0.281497395871242
"483",0.106120782335337,0.788453780760039
"484",-0.278012937529049,0.367649206505111
"485",-0.151703333244001,0.823199181148907
"486",0.121573992959681,0.735370219474829
"487",-0.0695038852132983,0.821394020193108
"488",-0.194052215621523,0.632027297180914
"489",0.0224750475315843,0.762056709963658
"490",-0.080845974762741,0.825280711793965
"491",0.358155817795582,0.150204755585782
"492",-0.0579642550315338,0.832876895889849
"493",0.363100825291105,0.25962007359787
"494",-0.335037317413884,0.324769348550434
"495",-0.108914387397632,0.668957087784227
"496",-0.516478262934027,-0.203767731568268
"497",0.0167823668055978,0.891675194419795
"498",-0.173371561187152,0.650128202692694
"499",-0.745769979928711,-0.720716640749772
"500",-0.181477592652316,0.484489892563082
"501",-0.383232709020226,0.0878606296646148
"502",0.099594466222948,0.911327251563484
"503",-0.136412398653116,0.754236230197165
"504",-0.539453490910824,-0.439193710116279
"505",0.11501097783161,0.827388844752516
"506",-0.100964940759519,0.868071171644812
"507",0.692692387103354,-0.675979891039308
"508",0.169871829602347,0.645988851414935
"509",-0.167394535429334,0.719428528874777
"510",0.125879338275503,0.794703668041096
"511",-0.0476203504995981,0.882065139600542
"512",0.123974224703373,0.681052637839303
"513",0.624086312021753,-0.611179963220018
"514",-0.131334849057777,0.837309521853559
"515",0.200933492791764,0.66816731438491
"516",0.338013229278085,0.169657572402345
"517",-0.216152862952124,0.388389735129812
"518",-0.363369147534051,0.0772829295115215
"519",-0.0705556764363738,0.782397592783243
"520",0.0363146990306913,0.930661044242003
"521",0.103272775589522,0.707740050819993
"522",0.136447495371867,0.700798627296861
"523",-0.322822942593505,0.381916470329922
"524",0.548287001157597,-0.245105554164079
"525",0.455378284203648,-0.0799269177905702
"526",-0.292887618956749,0.36604331731851
"527",0.168464033925565,0.829360808438328
"528",0.104446947672433,0.677340012030741
"529",-0.23435135314197,0.406803923038391
"530",0.2301016709542,0.610975379735541
"531",-0.0127375835200605,0.981022784567863
"532",0.652804546386506,-0.609984267882199
"533",-0.346831770985606,0.148881246293523
"534",-0.301900044351722,0.278024475150981
"535",0.404240365029613,0.126381345088019
"536",-0.066181007973572,0.805070134691227
"537",0.218423561923635,0.683095882794332
"538",-0.342966551913822,0.254179381576789
"539",0.265572010335701,0.303266622262176
"540",0.0928001772113733,0.781216947339738
"541",0.197146064751639,0.516595120157279
"542",-0.252952047120663,0.736865038404662
"543",0.173905906824855,0.801448835161146
"544",0.0288370630916307,0.871746415470388
"545",0.109698812234798,0.827511001726436
"546",0.122519767160677,0.800715564827027
"547",0.216489667576749,0.599563064735583
"548",-0.165829139112451,0.724358430683487
"549",0.491190643433771,-0.171171873549783
"550",-0.241600780128212,0.478846445533567
"551",-0.270466265159328,0.303676470966817
"552",0.20044783911162,0.707041490388009
"553",0.0199842454821354,0.92186735790514
"554",-0.260634485071983,0.328837309590571
"555",0.0340418877710176,0.658622899970981
"556",-0.0512570346176092,0.80290605101628
"557",-0.237694562336276,0.458109977355675
"558",0.112008137818898,0.75390943547023
"559",0.428615255408539,-0.239631653514071
"560",0.392299594144275,0.341722138888373
"561",0.785823810496787,-0.824168261994095
"562",0.180745167670997,0.582552134943388
"563",-0.201782165907258,0.675660147712112
"564",-0.0616226221054742,0.746809124791722
"565",0.228820112050954,0.597370974344373
"566",-0.31495722587649,0.350934992940909
"567",-0.230106121652249,0.454073981188139
"568",-0.278660681692675,0.407115722041483
"569",0.038053517977357,0.865297790790929
"570",0.0673866491120562,0.802871973186312
"571",-0.205339408737074,0.544769825551794
"572",-0.0395020281992091,0.789698979153224
"573",0.452928060397306,-0.188193220648145
"574",-0.168856600077385,0.763949180937392
"575",-0.154306166230531,0.658441684310246
"576",0.347724501176371,0.178574067169115
"577",-0.00567094202860895,0.736274461219443
"578",0.0939856420046829,0.717054991473889
"579",0.396123967550379,-0.00862822781871551
"580",0.281238042683282,0.566545796300226
"581",0.129399833125883,0.673421145459808
"582",-0.108260933898581,0.681789837303244
"583",-0.20266692027548,0.591789321200504
"584",0.268782289017675,0.478938603601326
"585",-0.218548390088451,0.643391189995686
"586",0.106920444427193,0.70653256844634
"587",-0.155123526822324,0.729556706777515
"588",-0.0260311882119033,0.87354962415847
"589",0.188009408228499,0.587079079066181
"590",0.117483629342903,0.806280795973461
"591",-0.110788131419748,0.741786435101017
"592",-0.090591790201358,0.781859613866382
"593",0.478275071302392,-0.173535605360746
"594",-0.801679664237572,-0.852351223947476
"595",0.210699988837662,0.795494526930693
"596",-0.602312425046404,-0.572739974566931
"597",-0.115202129533259,0.85326702303031
"598",-0.276064327110168,0.416167507692709
"599",-0.0754898670212257,0.784220585762296
"600",0.704136196705647,-0.668576152919578
"601",0.535230173645798,-0.265853881484866
"602",-0.0396369109739935,0.786885473623108
"603",-0.371543728079583,0.174454014028777
"604",0.190150468877269,0.657191046311561
"605",0.201742457573199,0.615841821890977
"606",-0.374736610171204,0.0577340648544391
"607",0.211838387360859,0.62018581652272
"608",-0.230797802211147,0.488015529215241
"609",-0.247322336979078,0.523986108707915
"610",-0.301374256749303,0.313255437403219
"611",-0.0212185851803002,0.875031044668593
"612",-0.390987164312533,0.126904878027419
"613",-0.544356659591269,-0.428790377319622
"614",-0.555012619806226,-0.627499568106569
"615",0.00218406172442969,0.90876407572918
"616",0.281610817380434,0.549676050668372
"617",-0.21227904919844,0.461164754095955
"618",-0.186447835950255,0.677135335648856
"619",0.188838796909044,0.629829546468308
"620",0.0468380826748703,0.885806985934553
"621",0.424168959167566,-0.0868795302404726
"622",-0.00775063373108918,0.875514103655141
"623",-0.0707692821340484,0.755703067478352
"624",0.636601528932911,-0.64653106870524
"625",-0.0312705197218701,0.760894188764228
"626",-0.408362606160368,0.271816842314483
"627",0.183715409703359,0.674235030404878
"628",0.0407890302602856,0.756898079563413
"629",0.118372514642505,0.807712789908533
"630",0.170161746408411,0.747700961597927
"631",0.482495326462768,-0.165932520868192
"632",0.396805217127568,0.110871880851243
"633",-0.0559550301003424,0.958859717545793
"634",0.137481460767897,0.757890489759665
"635",0.23496370203746,0.60515349721362
"636",0.117344611439676,0.69739123065567
"637",0.0202572255362889,0.783006393925184
"638",0.367401066173981,0.167325993597065
"639",0.168184467166031,0.638196815590452
"640",-0.121773156026315,0.759188121034816
"641",-0.186904790795028,0.705707593485795
"642",-0.260560412549787,0.51222869359514
"643",-0.39308111638771,0.0887755842313457
"644",0.146463573137222,0.661957760076092
"645",-0.0988142624727637,0.750952756002121
"646",0.023179771773577,0.805847743453511
"647",-0.33326298199885,0.390035831382422
"648",-0.0318475965071929,0.893794862472522
"649",-0.719908924675958,-0.751914351062288
"650",-0.627729315234316,-0.552691586106018
"651",0.347128705279237,0.356771880542401
"652",-0.414670644364888,-0.2346749192701
"653",-0.151080957493246,0.747718043246168
"654",-0.365480915491743,0.207706719233341
"655",-0.214792963002082,0.719389815712333
"656",0.0819791475719519,0.787277427954063
"657",0.514702548578116,-0.160445691523198
"658",0.419229003902042,0.0746201603177692
"659",0.00217397144082393,0.860327320220749
"660",-0.18295819293397,0.670964051206496
"661",0.0786993244584258,0.884352730728411
"662",-0.289221007961304,0.434424824942702
"663",0.0568934442521715,0.967851836033384
"664",0.407975653169295,0.300625966057073
"665",-0.164537436493598,0.664316475393417
"666",-0.163983597723356,0.726605612804745
"667",0.202477988052956,0.537630806658645
"668",0.0911195894499328,0.789456739559501
"669",0.143744447119413,0.801290362443031
"670",0.228265509137524,0.536216068903856
"671",0.000273812059108578,0.78221614501558
"672",-0.706409214615117,-0.795560877268813
"673",0.182406441066323,0.621913809778804
"674",-0.41143810667796,0.0461555992888525
"675",0.116303034640956,0.849257415330872
"676",0.200364364522528,0.674143819528817
"677",0.0242928006933324,0.860434260827111
"678",0.0182453766388413,0.881680358533729
"679",0.357050766304172,0.247748951720843
"680",0.260806944351655,0.609367677200654
"681",0.366121631274917,0.188997043882498
"682",-0.417234752084799,0.205352545299264
"683",-0.229087749803182,0.38617726051156
"684",0.190823989584177,0.695428629711317
"685",0.0293060993215234,0.79998461814658
"686",-0.139649907131613,0.646738986783421
"687",0.258272183157199,0.353279510462169
"688",0.0413699411547906,0.642015160957435
"689",0.27634410590771,0.418087440374389
"690",-0.248895325123624,0.462830312290332
"691",0.0995134557477563,0.830051033537802
"692",-0.167200861537725,0.644387038771841
"693",-0.359134073807189,0.141444070555455
"694",0.198692219484137,0.634070985591236
"695",0.17666168528759,0.571157072146479
"696",-0.382812948658094,0.0564540245798974
"697",0.06594125643083,0.808429479570389
"698",-0.0707051255170848,0.738096433807272
"699",-0.31541082293683,0.340291691029093
"700",0.0568920197274344,0.779526338988219
"701",0.136615977003456,0.945253159641523
"702",0.0526727671762636,0.838001493579494
"703",0.384994927305576,0.0766531973671258
"704",0.207555893832743,0.478128370178586
"705",-0.451987282654987,-0.028470374466908
"706",0.542544202832793,-0.621347145370259
"707",0.230388288395892,0.400849815434855
"708",0.168028419620567,0.736429007615503
"709",0.357194771814978,0.140273160221766
"710",-0.373996736146795,0.0160373790852292
"711",0.0533361884187124,0.799907086829313
"712",-0.468026912005029,-0.29550024214696
"713",0.226480221580406,0.727142249945825
"714",-0.0139661671487367,0.875153761111532
"715",-0.143593223082873,0.83755815765941
"716",0.0977207044936409,0.747689064407288
"717",0.301071014517033,0.419596303178915
"718",0.136767074159744,0.828961427746999
"719",0.0405367734072445,0.782590970946743
"720",0.294925461547992,0.243982715328931
"721",0.621874549936883,-0.616505298297236
"722",0.171759901814753,0.487242232639056
"723",-0.269635321809281,0.505793077297301
"724",0.214460441874109,0.60082387562381
"725",0.377087836517028,0.0561097029251066
"726",0.140221978736101,0.674012433821529
"727",-0.226565874662532,0.582782817303977
"728",-0.343549604199499,0.383923744448198
"729",-0.0111466459998614,0.971756890014294
"730",-0.466657893675604,0.0904848453344413
"731",0.141904257747476,0.882345259636965
"732",0.235725326174071,0.487917655536411
"733",0.106739604531172,0.851265108997951
"734",-0.302247967540979,0.358106330891249
"735",-0.106115326257628,0.866863721995846
"736",0.512821027404944,-0.446549641361512
"737",-0.632003099620881,-0.715874389860135
"738",-0.120830110471438,0.739867731717291
"739",-0.0644780462362266,0.696769955573522
"740",0.327209861284612,0.236082459044703
"741",-0.210931091917829,0.768936325027493
"742",-0.0222908254341866,0.861801876676802
"743",-0.11886661921243,0.832422516265103
"744",0.176049631465372,0.856643665624185
"745",-0.394331025098026,0.0623883279691605
"746",0.610887119337373,-0.528252145073863
"747",-0.133233023706809,0.883973676400012
"748",-0.111558312602513,0.834042320639219
"749",-0.109194529409351,0.71402081812903
"750",-0.102546319054958,0.857299186537098
"751",-0.0284528003206716,0.916415747336901
"752",-0.0919904171832151,0.761529180041991
"753",0.13220401725021,0.638390595675844
"754",-0.0258506090175384,0.81008906515795
"755",-0.585014855342052,-0.575489818905815
"756",-0.307185444720868,0.426271776818212
"757",-0.134045235367577,0.771385184367505
"758",0.599343551215698,-0.528692765318287
"759",0.0950097326936404,0.747614803453258
"760",-0.306876079428732,0.209074796969101
"761",0.541042615166132,-0.467919857147986
"762",0.129618022581446,0.77150635674921
"763",0.539680214085634,-0.496710997145519
"764",-0.0872701286754334,0.811020676917992
"765",0.0993380655069926,0.681218158503107
"766",-0.405014604361695,0.0732258878115437
"767",0.262864998923654,0.494718775114742
"768",-0.2599717065225,0.597881217168031
"769",-0.171500530359426,0.624166564777832
"770",0.395678962111561,-0.0458876601675218
"771",-0.258631179324217,0.377931354019476
"772",-0.335090926884048,0.263193689647344
"773",0.204697917320197,0.493049762511501
"774",-0.275219283725197,0.504892401090846
"775",0.225391262784946,0.621661568338786
"776",0.618699802266506,-0.680563939883016
"777",0.543682408904074,-0.331556414686325
"778",0.114721802843176,0.75347319183386
"779",-0.0579742153244542,0.842742643931879
"780",0.230490418989877,0.712948389230127
"781",0.323928274442189,0.488333722278178
"782",0.248157288441495,0.464820220437227
"783",0.237733938292479,0.649414713486762
"784",-0.0871191906011126,0.859171208368794
"785",-0.703356823025387,-0.650143892552163
"786",-0.0238871246690132,0.632126161062595
"787",-0.240648362570601,0.427151111197407
"788",0.38284869767913,0.289062962604139
"789",0.041723832296936,0.706462535019343
"790",0.241880780391425,0.630334350355392
"791",0.129273826130893,0.661331835205384
"792",-0.365791514142017,0.0924724283292172
"793",0.230548765600726,0.616563446646264
"794",0.227317850395617,0.556638844527298
"795",0.123325089183365,0.74103226854705
"796",-0.221851674137029,0.503781325163087
"797",0.336702041298519,0.252987101765045
"798",-0.4918484075813,-0.108254189132985
"799",0.436577863155359,-0.06192516301048
"800",0.296411413101936,0.297455727353805
"801",-0.0928793993239092,0.819268739841613
"802",0.527527881978187,-0.408361608033814
"803",0.0781103461225227,0.777753875790217
"804",-0.16924454352015,0.705835135618977
"805",0.26152639043807,0.445282985008878
"806",0.063715286110167,0.831850454681807
"807",-0.518898535491201,-0.411101494495349
"808",-0.110124479103733,0.750915206358773
"809",-0.505822935522626,-0.13031515740275
"810",-0.143859218492753,0.871105551961983
"811",-0.148675840928026,0.769871092312341
"812",0.391776626803401,0.184737060258598
"813",-0.443089895760752,-0.163922112823656
"814",0.0521223642706866,0.698372364407883
"815",0.0222445791369191,0.901001352853349
"816",-0.0990753662099982,0.685784783488034
"817",-0.239595095197323,0.57704108421405
"818",0.221097767349445,0.70881146456058
"819",0.17648513765314,0.661018428538131
"820",0.0645596229418901,0.87188193215371
"821",0.0869266641912807,0.801341281823963
"822",0.491655985602799,-0.176221611395852
"823",0.269076926985645,0.415239266317407
"824",-0.131271243415015,0.867499725614072
"825",-0.0155370015746466,0.88794747421205
"826",-0.013354179715903,0.764065288668537
"827",0.340876789096794,0.391209753360367
"828",-0.156880865641757,0.611023285508824
"829",-0.26346623977788,0.389057112087951
"830",0.141099054269267,0.782147838575602
"831",0.293730675492492,0.447010832520955
"832",0.208765392479251,0.552373481037589
"833",0.303183965211807,0.407436573077208
"834",0.0367886006278895,0.780080307833439
"835",-0.539507548875041,-0.19197605149426
"836",0.0360289312063895,0.885033792696439
"837",0.274054759346355,0.280306847373761
"838",0.200299022569001,0.46366310215542
"839",-0.150139404101452,0.653875286715501
"840",0.209325426966343,0.604907128938129
"841",0.355164891410959,0.127607774985654
"842",0.601254955481568,-0.512282237991452
"843",0.353632061857709,0.222584304204447
"844",-0.00727287122157053,0.802417501775035
"845",0.278336423603179,0.406205848791537
"846",0.361533706367595,0.0850947486636247
"847",0.28754906122773,0.494925035209845
"848",0.194941147053363,0.666366196967714
"849",0.279691121331164,0.313071390578316
"850",-0.417724483672636,-0.062950084619905
"851",-0.0881399948471814,0.691026582956617
"852",0.521774624749188,-0.41253904715355
"853",0.194584816403998,0.684453327221352
"854",-0.222706888426828,0.598722741840431
"855",-0.058770851390189,0.765951296353835
"856",-0.290588698759351,0.391175223919864
"857",0.453803086578445,-0.0274054449575908
"858",-0.466623555689411,-0.285389715214441
"859",0.504162279507811,-0.414255488703034
"860",-0.36140744699992,0.0239661603513164
"861",0.431172029773156,0.0671418878275112
"862",0.611837843699393,-0.602962029415648
"863",0.117718941747576,0.744355566172237
"864",0.0953860956402196,0.799506020318383
"865",-0.0755544575210667,0.758111467151901
"866",0.414434234716033,0.150169415341183
"867",0.438931034460422,-0.0546016177527615
"868",-0.0108444884048586,0.85714365115013
"869",-0.29427197201246,0.409956438278341
"870",0.297587866944044,0.280470197804404
"871",0.0332118360817994,0.842350104502259
"872",-0.0218411778779318,0.810652276503451
"873",0.102541426800194,0.826398107208983
"874",-0.109544236100142,0.741279007399172
"875",-0.0162016119488915,0.970419752006971
"876",0.853303448104379,-0.756309218506709
"877",0.293875723103573,0.385463698132673
"878",-0.095826497792545,0.690192255393488
"879",0.136933367180106,0.758423829526755
"880",-0.295925749451952,0.44555494417589
"881",-0.370163932335178,0.181633969700828
"882",-0.202799670526926,0.457856827957195
"883",-0.18406914537617,0.765232831209064
"884",-0.0283525370917274,0.675156451464069
"885",-0.510504594422436,-0.204315943994036
"886",0.079568048507047,0.840344671496199
"887",0.209988280595487,0.642358338580322
"888",0.369024345966643,0.255038486760067
"889",-0.388077733416659,0.065382699174653
"890",-0.00114393854570402,0.836636225308277
"891",0.152482123400057,0.682352147525728
"892",0.0663927372446393,0.836205732320812
"893",-0.492562704224023,-0.340458721356945
"894",0.672643290016834,-0.701687250852457
"895",0.239524545977571,0.610000218014411
"896",-0.0339886193101802,0.805492468452764
"897",-0.26349288720966,0.482350246932937
"898",0.154551702045221,0.785765050444849
"899",0.429006525519105,-0.161197667545722
"900",0.47844060186591,-0.280473053355155
"901",0.0645009881278497,0.761949264916872
"902",-0.113895581941624,0.665898961472853
"903",0.0662465682220076,0.955690978293357
"904",-0.29141762719936,0.240373567194649
"905",0.22618493869569,0.615529745228881
"906",0.0396151695876825,0.770432543439767
"907",-0.305617683515722,0.369889442319222
"908",0.651543779094423,-0.651579561707412
"909",-0.163014350750417,0.656864261373946
"910",-0.258979497455531,0.509027654887902
"911",-0.264214430309817,0.56947899385489
"912",-0.176110674578519,0.650343799273943
"913",0.148417904163757,0.901749694165256
"914",-0.0611186639811494,0.651969013474034
"915",0.445566616655332,-0.091111517524562
"916",-0.355368102717839,0.23038191426224
"917",0.279669268196704,0.278848013877896
"918",-0.0351834328286942,0.769907062633693
"919",-0.160941661016852,0.733051811238121
"920",-0.26993790068612,0.220676086023103
"921",-0.0156654813313131,0.81439109543197
"922",-0.234377475601281,0.56091335605809
"923",-0.24312476323143,0.474035927487794
"924",0.32538487723047,0.149814574128964
"925",0.485268131376594,-0.276299252643582
"926",-0.143481153309559,0.688179822483303
"927",-0.0552891110547909,0.903761232672542
"928",-0.370460128667751,0.149749542015727
"929",-0.0286115128687228,0.905895410448536
"930",0.10070869771213,0.718250258790354
"931",0.0306787887752168,0.877194178905751
"932",-0.0968696437775261,0.736528274970455
"933",-0.203303242888371,0.647242476799031
"934",0.045544388303719,0.984315769042614
"935",-0.523806504033955,-0.324306773377686
"936",-0.261193483336376,0.549847832742682
"937",0.221541352362128,0.630667845552552
"938",-0.249064213225742,0.682627155238567
"939",-0.686701093055216,-0.794873996996763
"940",-0.392441214106871,-0.0669121731169296
"941",0.42821871548169,-0.054069936245253
"942",0.516165625783723,-0.34444720927574
"943",-0.493217296798248,-0.282387687858571
"944",0.185892512066547,0.700895038984235
"945",-0.108887248279069,0.758082361484107
"946",-0.18396844902148,0.724958897154294
"947",0.14339535672106,0.668129222446903
"948",0.131167102242417,0.835815642054729
"949",-0.0827828201239406,0.808163698343096
"950",-0.21162165444858,0.769890504817771
"951",-0.0747576319254444,0.772541230107249
"952",-0.169766374228672,0.523126354847222
"953",-0.45501046119116,-0.0373174960585486
"954",0.344840904706257,0.319789776224312
"955",-0.342320926470787,0.252951819287982
"956",-0.126399574296237,0.686033889768932
"957",-0.124452969861865,0.739710637639855
"958",-0.330491433627031,0.139824427293422
"959",-0.214966635500288,0.508581538193468
"960",0.290269444900205,0.305213838406908
"961",0.230725865084977,0.551846528096713
"962",0.436764443360076,-0.0221459452500933
"963",0.311676395266505,0.312727488975515
"964",-0.286979627165003,0.356478929153955
"965",0.253515278170329,0.528574508510336
"966",-0.419022969282176,-0.24536455622175
"967",0.366455751000333,0.155973455211729
"968",0.447983626628038,-0.0319591410117779
"969",-0.0149672936930456,0.886454475281224
"970",-0.173214115608128,0.726379845799663
"971",0.0279107272449169,0.898479028899306
"972",0.0847845689212553,0.822117254784985
"973",-0.278090593253188,0.6171595268111
"974",0.376664815814972,0.130988700651643
"975",0.227867746368239,0.436631841050698
"976",0.264142505689137,0.418154180072939
"977",-0.0940622367229063,0.905901815957223
"978",-0.0714860814143285,0.90723342916789
"979",0.219282524145699,0.526675231482759
"980",0.087324275737406,0.725374874396649
"981",0.274155250824853,0.520066983683673
"982",0.197587112613539,0.669326420240435
"983",0.138136673527028,0.73133284452256
"984",-0.0606282627065317,0.774660281305278
"985",0.141674899926026,0.663562332947678
"986",-0.465879575692489,-0.0182530564222547
"987",-0.27382714340758,0.425292227458191
"988",0.232185539507459,0.374881752343275
"989",-0.488564885281381,-0.421770651279295
"990",0.26530132599961,0.520539012251147
"991",0.0272557436106878,0.82558360449539
"992",-0.3059286655557,0.409710084508236
"993",0.205602011231156,0.640774251104663
"994",0.0392670075535953,0.859543298655266
"995",-0.293592870695414,0.393127959053246
"996",-0.175658702652744,0.577421465619086
"997",-0.279861109193118,0.366316792955575
"998",0.616191273230018,-0.713728669829413
"999",-0.289243341532182,0.270020127436377
"1000",-0.603955971614876,-0.607616395527351
